<TM-1>	Vincenzo Trifoni
<TM-2>	Benito Butali
<TM-3>	Luigi Canzio
<TM-4>	Liceo statale Pietro Siciliani
<TM-5>	Lelio Scoditti
<TM-6>	Sandro Manzo
<TM-7>	Nel condominio di carne
<TM-8>	Antonio Perrucci Ciannamea
<TM-9>	Guido Di Renzo
<TM-10>	Gianni Carluccio
<TM-11>	Ferdinando L. Maggiore
<TM-12>	Biblioteca provinciale dei Cappuccini di Puglia <Bari>
<TM-13>	Ada De Judicibus Lisena
<TM-14>	Costantino Gilodi
<TM-15>	Moshe Zeiri
<TM-16>	Ettore Olivero Pistoletto
<TM-17>	Jean de Wespin
<TM-18>	Nicolas de Wespin
<TM-19>	Claudio Baccarani
<TM-20>	Luigi Melesi
<TM-21>	Comunità Cenacolo
<TM-22>	Della povertà religiosa
<TM-23>	Nina Haab
<TM-24>	Carlo Bonazzi
<TM-25>	Galleria d'arte Il Tempietto <Brindisi>
<TM-26>	Fondazione Biblioteca pubblica arcivescovile Annibale De Leo
<TM-27>	Fondo Borraro Cocchinone
<TM-28>	Salumificio artigianale Maison Bertolin
<TM-29>	Giuseppe Ciocchetti
<TM-30>	Massimiliano Alioto
<TM-31>	Acquedotto Vergine <Roma>
<TM-32>	Collezione Spadafora
<TM-33>	Fernando Capecchi
<TM-34>	De la institutione di tutta la vita de l'homo nato nobile e in citta libera
<TM-35>	Theorie des historischen Materialismus
<TM-36>	Evgenij Leonidovič Kropivnickij
<TM-37>	Giacinto Militello
<TM-38>	Teresa Fazio Lo Sardo
<TM-39>	Cono Federico
<TM-40>	Soprintendenza archeologica belle arti e paesaggio per le province di Verona Rovigo e Vicenza
<TM-41>	Comunità di Monte Verità <Ascona>
<TM-42>	Tutela del patrimonio culturale
<TM-43>	Santuario della Madonna della Quercia di Visora
<TM-44>	Centro di documentazione per la storia dell'assistenza e della sanità fiorentina
<TM-45>	Martin <sorelle>
<TM-46>	Pino Zanin
<TM-47>	L'orologio della passione
<TM-48>	Terenzio Collemodi
<TM-49>	Gli elementi dell'architettura funzionale
<TM-50>	Pietro Capogrosso
<TM-51>	Giuseppe Podda
<TM-52>	Giancarlo Bussi
<TM-53>	Raxis <famiglia>
<TM-54>	Gavino Clemente
<TM-55>	Giovanni Giuseppe Coco
<TM-56>	Lex Ecclesiae fundamentalis
<TM-57>	Juan Vivas de Cañamas
<TM-58>	I tre martiri turritani nella gloria
<TM-59>	Omelie sul Libro di Geremia
<TM-60>	Risurrezione di Roma
<TM-61>	Centro di studi vichiani
<TM-62>	Scuola archeologica di Pompei
<TM-63>	La sinodalità nella vita e nella missione
<TM-64>	Cesare Bindi
<TM-65>	Teatro Paravento <compagnia teatrale>
<TM-66>	Massimo Latte
<TM-67>	Giambattista Creati
<TM-68>	Torrefazione Caffè Bontadi
<TM-69>	Cesare Siviglia
<TM-70>	Claudio Cargiolli
<TM-71>	Lucyna Gebert
<TM-72>	Istituto per i figli del popolo di Napoli
<TM-73>	Gioventù femminile di Azione cattolica
<TM-74>	Greta Penacca
<TM-75>	Carlo Furlan
<TM-76>	Clementina Fumarola
<TM-77>	Ermanno Bocchini
<TM-78>	Alberto Massera
<TM-79>	Carlo Desii
<TM-80>	Bartolomeo da Trasacco
<TM-81>	Giovanni Del Vecchio
<TM-82>	Luisa Bellotto Sandini
<TM-83>	Alessandro Bellan
<TM-84>	Disegni spagnoli
<TM-85>	François Ambroise
<TM-86>	Les liaisons dangereuses
<TM-87>	Ferdinando Moggi
<TM-88>	La Pacchianella <gruppo folcloristico>
<TM-89>	Cooperativa tra produttori agricoli <Matino>
<TM-90>	Aldo Camporota
<TM-91>	Achille Sana
<TM-92>	Ugalberto De Angelis
<TM-93>	Sirio Salimbeni
<TM-94>	Dipartimento di architettura
<TM-95>	Monastero di Santa Verdiana <Firenze>
<TM-96>	Collezione Monosi Resta
<TM-97>	Angela Marcantonio
<TM-98>	Luciano Zarotti
<TM-99>	Madonne
<TM-100>	Grazia Tomberli
<TM-101>	Ritratto di Eleonora Baroni
<TM-102>	Sala delle carte geografiche
<TM-103>	Consiglio di Stato e dei memoriali
<TM-104>	Dimri i vetmisë së madhe
<TM-105>	L'ecole sur mesure
<TM-106>	Gianmaria Buccellati
<TM-107>	Cementificio Italcementi <Muros>
<TM-108>	Nisa Partica
<TM-109>	Scuola elementare Francesco Crispi <Trento>
<TM-110>	Harold Henri Joachim
<TM-111>	Bernardo Cattarinussi
<TM-112>	Chiaia & Napolitano <studio di architettura>
<TM-113>	Josephine Zāyāl
<TM-114>	Caterina Frigerio
<TM-115>	Centro Evangelii Gaudium
<TM-116>	Cristo crocifisso tra i santi Niccolò e Francesco
<TM-117>	Le Pìstole d'Omero
<TM-118>	Michele Balacco
<TM-119>	Murgia Timone
<TM-120>	Codice di Gortina
<TM-121>	De l'Eglise et de sa divine constitution
<TM-122>	La historia del mondo nuovo
<TM-123>	Viaggio terrestre e celeste di Simone Martini
<TM-124>	Sergio Sciarelli
<TM-125>	Boris Isaakovič Jarcho
<TM-126>	Collezione Ingrao
<TM-127>	Triperuno
<TM-128>	Chiesa del Santissimo Crocifisso <Isola Sacra ; Fiumicino>
<TM-129>	Antonietta Innocenti
<TM-130>	Tipografia Filiberto Gori <Prato>
<TM-131>	Orchestra Filarmonica di Udine
<TM-132>	Liceo statale Alvise Cornaro <Padova>
<TM-133>	Confraternita del Santissimo Sacramento <Adria>
<TM-134>	Fattoria Le Corti <San Casciano in Val di Pesa>
<TM-135>	Compagnia balestrieri di Volterra
<TM-136>	Ugolino Grifoni
<TM-137>	Francesca Bisutti
<TM-138>	Roberto Devalle
<TM-139>	Fondazione AEM <Milano>
<TM-140>	Tina Belletti
<TM-141>	Psicologia delle menti associate
<TM-142>	Henry Patenson
<TM-143>	Recensio Wissenburgensis
<TM-144>	Riccardo Cesari
<TM-145>	Università di Oppido Lucano
<TM-146>	Osvaldo Notari
<TM-147>	Piero Paciscopi
<TM-148>	San Giorgio di Sinis <Cabras>
<TM-149>	Luigi Beccarelli
<TM-150>	Visione e martirio del beato Marcello Mastrilli
<TM-151>	Luciano Primavera
<TM-152>	Collezione Guido Sforni
<TM-153>	Elegia giudeona
<TM-154>	Arnaldo Bottai
<TM-155>	Raffaele Montepaone
<TM-156>	Missale Tridentinum
<TM-157>	Toni Bux
<TM-158>	Gaetano D'Elia
<TM-159>	L'origine della transactio
<TM-160>	Michele Antonio Fino
<TM-161>	Sassuolo Gestioni Patrimoniali
<TM-162>	Gerti Frankl Tolazzi
<TM-163>	Cassa rurale Alta Valsugana
<TM-164>	Renzo Tonello
<TM-165>	De re publica Atheniensium
<TM-166>	Centro nazionale vocazioni
<TM-167>	Sergio Fallani
<TM-168>	Lia Finzi
<TM-169>	Società di mutuo soccorso degli artisti ed operai di Arezzo
<TM-170>	Russia Suchoputnye vojska
<TM-171>	Angelo Inglese
<TM-172>	Carmine Forgione
<TM-173>	Le mie stagioni
<TM-174>	Museo archeologico arte sacra
<TM-175>	Teresa nella parte di Giovanna d'Arco in prigione (tavola ottica)
<TM-176>	Adriano De Laurentis
<TM-177>	Fondo Porcia Ricchieri
<TM-178>	Attilio M. Cecchini
<TM-179>	Veniero Scarselli
<TM-180>	Gli amori di Leandro ed Ero
<TM-181>	Mauro Mazzali
<TM-182>	Casa circondariale di Arezzo
<TM-183>	Società di mutuo soccorso artieri di Trento
<TM-184>	Langosteria <ristorante>
<TM-185>	Alberto Meli
<TM-186>	Donazione Meli
<TM-187>	Nestorio Sacchi
<TM-188>	Montiglio Taglierini <famiglia>
<TM-189>	Franca Fendi
<TM-190>	Viera Mattioli
<TM-191>	Carte d'Arborea
<TM-192>	Raffaello Franci
<TM-193>	Unione italiana disegno
<TM-194>	Riccardo Tondolo
<TM-195>	Istituto Nostra Signora delle Grazie <Nizza Monferrato>
<TM-196>	Caterina Salvi Westbrooke
<TM-197>	Aniello Manganiello
<TM-198>	Battaglia di San Pietro in Cerro <1945>
<TM-199>	Angelo Misuraca
<TM-200>	Gruppi di preghiera di Padre Pio
<TM-201>	Paola Dalla Chiesa
<TM-202>	Scuola media Bartolomeo Malfatti <Mori>
<TM-203>	Dossale d'argento <Museo dell'Opera del Duomo di Firenze>
<TM-204>	Istituto clinico Porta Sole <Perugia>
<TM-205>	La letteratura italiana nel secolo
<TM-206>	Carlo Alberti Mastrelli
<TM-207>	Esperienze pastorali
<TM-208>	Pio istituto dei Buonomini di San Martino <Firenze>
<TM-209>	La violenza nel matrimonio in diritto canonico
<TM-210>	Rifugio Maria Vergine Assunta in Cielo <Prato>
<TM-211>	Federazione italiana lavoratori delle costruzioni e affini
<TM-212>	Cattedrale di Solomon
<TM-213>	Archivio fotografico Paolo Graziosi
<TM-214>	Via della Madre di Dio <Genova>
<TM-215>	Fondazione Pio Alferano e Virginia Ippolito
<TM-216>	Associazione italiana contro le leucemie
<TM-217>	Die Verfassung Deutschlands
<TM-218>	Collezione Gimo
<TM-219>	Enciclopedia italiana di scienze lettere ed arti
<TM-220>	Battaglia di Trivio Paradiso <1918>
<TM-221>	Mulino dell'Altare <Barberino Tavarnelle>
<TM-222>	De mente heroica
<TM-223>	Marisa Baroni
<TM-224>	Coadiutori Salesiani
<TM-225>	Corso di laurea in scienze della formazione primaria
<TM-226>	Bardini <famiglia>
<TM-227>	Viaggio di Parnaso
<TM-228>	Maria Rebecca Ballestra
<TM-229>	Vocabolario grammatica e ortografia della lingua volgare
<TM-230>	Lucia Daniotti
<TM-231>	Eugenio Dalla Fior
<TM-232>	Quartiere Ràbato <Agrigento>
<TM-233>	Sonetos del amor oscuro
<TM-234>	Leonardo Nava
<TM-235>	Corso Guicciardini
<TM-236>	Fondazione Conservatorio San Girolamo
<TM-237>	Gianfranco Piantoni
<TM-238>	Sabatino Ferrali
<TM-239>	Raffaele Rascio
<TM-240>	Archivio Papafava Antonini dei Carraresi
<TM-241>	L'Ovile <Reggio Emilia>
<TM-242>	Pietro Saul Faustino
<TM-243>	Copan group <azienda>
<TM-244>	Mauro Ghiglione
<TM-245>	Collezione Antonino De Simone
<TM-246>	Lucio Sicca
<TM-247>	Società operaia di mutuo soccorso ed istruzione <Cividale del Friuli>
<TM-248>	Giacomo Zaganelli
<TM-249>	Cerva bianca
<TM-250>	Dante Lazzeri
<TM-251>	Tenuta demaniale di Follonica
<TM-252>	Associazione stampa subalpina
<TM-253>	Mario Almerighi
<TM-254>	Elio Fanara
<TM-255>	Katerina Thomadaki
<TM-256>	Auguste fulminant
<TM-257>	Nicoletta Giavotto
<TM-258>	Cascina Palma <Milano>
<TM-259>	Salvatore Boscarino
<TM-260>	Domenico Saracino
<TM-261>	Il Varmo
<TM-262>	Sala degli angeli
<TM-263>	Bruno Fabi
<TM-264>	Franco Gambogi
<TM-265>	Bookrepublic
<TM-266>	Maya Liebl
<TM-267>	Rete milanese vulnerabili
<TM-268>	Gaetano Rasola
<TM-269>	Girolamo Carrera
<TM-270>	Turillo Sindoni
<TM-271>	Guida spirituale per l'emigrato italiano nella America
<TM-272>	Maria Pia Fanna Roncoroni
<TM-273>	Valle del M'Zab
<TM-274>	Miguel Vaaz
<TM-275>	Orto Botanico di San Giobbe <Venezia>
<TM-276>	Banda degli Ottoni a Scoppio <Bande>
<TM-277>	Giancarlo Broggian
<TM-278>	Centro italiano femminile <Grosseto>
<TM-279>	Carmina. L.
<TM-280>	Gesù in orazione <Basilica dell'Agonia ; Gerusalemme>
<TM-281>	Casa circondariale di Rebibbia
<TM-282>	Jacopo Brogioni
<TM-283>	san Giovanni e l'angelo <Pinacoteca del Castello Sforzesco; Milano> Madonna col Bambino
<TM-284>	Ritiro San Pellegrino <Bologna>
<TM-285>	Enrico Bussetti
<TM-286>	Perì tìs Meneláou plánis
<TM-287>	Epitome proverbiorum
<TM-288>	Vincenzo Panuccio
<TM-289>	Elegidia
<TM-290>	Geraldini <famiglia>
<TM-291>	Fulvio Giaracuni
<TM-292>	Asdrubale Febonio
<TM-293>	Hypokritès Teatro Studio <compagnia teatrale>
<TM-294>	Mario Alberto Soldatini
<TM-295>	Antonio De Inghibertis de Castro
<TM-296>	Circolo Verso l'Europa
<TM-297>	Museo della Tonnara <Stintino>
<TM-298>	Contratti d'albergo
<TM-299>	Abbazie Cistercensi
<TM-300>	Cioni Carpi
<TM-301>	Terme del Nuotatore <Ostia antica>
<TM-302>	Imagini de gli dei indiani
<TM-303>	Foa <famiglia>
<TM-304>	Ezio Garroni
<TM-305>	Lodovico Acernese
<TM-306>	Marianna Mordini
<TM-307>	Villa Helycon <Castiglion Fibocchi>
<TM-308>	Franco Anichini
<TM-309>	Teatro della Maddalena <Roma>
<TM-310>	Centrale idroelettrica Ludovico il Moro <Vigevano>
<TM-311>	Mauro Damiani
<TM-312>	Mario Biondo
<TM-313>	Paolo Scandone
<TM-314>	Giorgio Fabretti
<TM-315>	Manlio Bucci
<TM-316>	Scalvinetto <Legnago>
<TM-317>	Pinacoteca D'Errico
<TM-318>	Gerardo Sasso <beato>
<TM-319>	Galleria dell'Obelisco <Roma>
<TM-320>	Fani <famiglia>
<TM-321>	Valle del Titerno
<TM-322>	Strategematon libri
<TM-323>	Roberto Casari
<TM-324>	Domenico Di Gioia
<TM-325>	Corneille Bentivoglio d'Aragona
<TM-326>	La Pulchérie
<TM-327>	Angelo Canori
<TM-328>	Colonia infantile provinciale Miralago
<TM-329>	Lydia Toraldo Serra
<TM-330>	Maura Dal Pozzo d'Annone
<TM-331>	Paraphrasis Evangelii secundum Joannem
<TM-332>	Luigi Orazio Ferlauto
<TM-333>	Fondo Chigi
<TM-334>	Gerardo Mombelli
<TM-335>	Sergio Bramini
<TM-336>	Calogero Boccadutri
<TM-337>	Gerace monsignor Vincenzo Nadile
<TM-338>	Archivio storico diocesano di Locri
<TM-339>	Egoitaliano <azienda>
<TM-340>	Ricerca sociologica
<TM-341>	Vigolungo <famiglia>
<TM-342>	Associazione Scuole e Lavoro
<TM-343>	Mariella Di Maio
<TM-344>	Antonietta Cargnel
<TM-345>	Descrizione itineraria del pellegrinaggio per Bari e Monte S. Angelo
<TM-346>	Nedo Ludi
<TM-347>	Enrico Macis
<TM-348>	Guido Valensin
<TM-349>	Peppino Capobianco
<TM-350>	Ente nazionale per l'artigianato e le piccole industrie
<TM-351>	Fazzari <famiglia>
<TM-352>	Consorteria delle compagnie laicali <Siena>
<TM-353>	Associazione magistrale italiana Nicolò Tommaseo
<TM-354>	Enciclica Veritatis splendor
<TM-355>	Centro ricerche e documentazione rischi e danni da lavoro
<TM-356>	Tapika
<TM-357>	Direzione nazionale
<TM-358>	Giovanni Battista Verda
<TM-359>	José de Calasanz <santo>
<TM-360>	Quintino Gianfreda
<TM-361>	Collegio dei ragionieri e dei periti commerciali della provincia di Bari
<TM-362>	Collezione Spannocchi
<TM-363>	Villano con la botticella
<TM-364>	Antonia Costa Galera
<TM-365>	Marzio Tamer
<TM-366>	Felice Feltracco
<TM-367>	Alfredo Puerari
<TM-368>	Quirino Gnutti
<TM-369>	Funes el memorioso
<TM-370>	Lo sposo burlato
<TM-371>	Lorenzo Foglio
<TM-372>	MVM Cappellin <vetreria>
<TM-373>	Società per la cremazione <Cremona>
<TM-374>	Eccidio di Casale di Brisighella
<TM-375>	Èzio
<TM-376>	Enrico Grassi Statella
<TM-377>	Angelo Garoglio
<TM-378>	Enzo Muscia
<TM-379>	Mario Pozzan
<TM-380>	Guidotto Prestinari
<TM-381>	Giacomo Fei <tipografia>
<TM-382>	Franco Io
<TM-383>	Julian Sinanaj
<TM-384>	Gabriele Maquignaz
<TM-385>	Letteratura drammatica romena
<TM-386>	Ritratto allegorico di Dante
<TM-387>	Angiolo Bronzino
<TM-388>	Federigo Barbolani di Montauto
<TM-389>	Stamperia litografia Angeli
<TM-390>	Val di Serchio
<TM-391>	Divo Stagi
<TM-392>	Massimo Caggiano
<TM-393>	Ultrablu <associazione>
<TM-394>	Edgardo Zauli Sajani
<TM-395>	L. Ottavio Cornelio Salvio Giuliano
<TM-396>	Liber singularis de ambiguitatibus
<TM-397>	El Equipo Mazzanti <studio di architettura>
<TM-398>	Iaia Filiberti
<TM-399>	Masal Pas Bagdadi
<TM-400>	Marcella Milani
<TM-401>	Partito liberale democratico svizzero
<TM-402>	Francesco Terrone
<TM-403>	Comunità Casa del Giovane <Pavia>
<TM-404>	Mauro Bonzi
<TM-405>	Faustino Savoldi
<TM-406>	Gruppo battaglioni San Marco Ennepi
<TM-407>	Young Lords Organization <Chicago>
<TM-408>	Crescenzo Formicola
<TM-409>	Liceo classico statale Cesare Beccaria <Milano>
<TM-410>	Rino Valido
<TM-411>	Pietro Messori
<TM-412>	Villa Giardini Casinalbio <Formigine>
<TM-413>	Vincenzo Porti
<TM-414>	Maria Teresa d' <duchessa di Modena e Reggio> Este Cybo
<TM-415>	Le neveu de Rameau
<TM-416>	Dipartimento di economia Marco Biagi
<TM-417>	Collezione Thannhauser
<TM-418>	Guido Bertero
<TM-419>	Franco Guerzoni
<TM-420>	La donna delinquente la prostituta e la donna normale
<TM-421>	Maurizio Iazeolla
<TM-422>	Medagliere Orsini
<TM-423>	Fondo Villarosa
<TM-424>	Flavio Planciade Fulgenzio
<TM-425>	Mythologiarum libri tres
<TM-426>	Guido Sacerdoti
<TM-427>	Norme di buona creanza
<TM-428>	Saper vivere
<TM-429>	Guido Sorvino
<TM-430>	Chronicon Parmense
<TM-431>	Rosina Pignatelli
<TM-432>	Giuseppe Boezio
<TM-433>	Politische Stimmungen
<TM-434>	La scienza e la vita
<TM-435>	Liber de vera fidelium experientia
<TM-436>	Vittorio Folinea
<TM-437>	Girolamo Macchi
<TM-438>	Giuliano Anniballi
<TM-439>	L'ombra di Dante
<TM-440>	Rifermenti
<TM-441>	Luigi Scullica
<TM-442>	Carmelo Clemente
<TM-443>	Studio MK <studio di architettura>
<TM-444>	Die Schlafenden
<TM-445>	Taddeo Duni
<TM-446>	Tama Ragusa
<TM-447>	Bertoja
<TM-448>	Sofia Pescatori
<TM-449>	Guido Anelli
<TM-450>	Tractatus de ornatu mulierum
<TM-451>	Maestà Mariana
<TM-452>	Giovanni Alfonso Samarco
<TM-453>	Museo Alberto Sordi <Roma>
<TM-454>	Collezione Perino
<TM-455>	Collezione Lanfranco Bolis
<TM-456>	Poemetti
<TM-457>	Vincenzo Orioles
<TM-458>	Telesio Interlendi
<TM-459>	Nino Marano
<TM-460>	Blagaja vestʹ
<TM-461>	Seminario vescovile di Lodi
<TM-462>	Angelo Gherardi
<TM-463>	Centri di aiuto alla vita
<TM-464>	Emidio Ferretti
<TM-465>	Archivio storico del comune di Cesena
<TM-466>	Comunità Missionaria dei Preti del Sacro Cuore
<TM-467>	Fraternità Sacerdotale San Pio
<TM-468>	Jean Léon Dehon
<TM-469>	Lettera a un ministro
<TM-470>	Archivio fotografico italiano
<TM-471>	Giovanni Petrali
<TM-472>	Motociclette Harley-Davidson
<TM-473>	Carosello <trasmissione televisiva>
<TM-474>	Nikita Sergeevič Hruščëv
<TM-475>	Cooperativa Popolare Saronnese
<TM-476>	Gipsoteca comunale di Cascina
<TM-477>	Le Rote <Calcata>
<TM-478>	Scuola normale superiore Centro archivistico
<TM-479>	José Yaque
<TM-480>	Giuseppina Paganini
<TM-481>	Andreina Paganini
<TM-482>	Vigna Orsini <Bracciano>
<TM-483>	Anselmo Baroni
<TM-484>	Verso la foce
<TM-485>	Collezione Carlo Palli
<TM-486>	Marco Goldoni
<TM-487>	Francesco Aringhieri
<TM-488>	In Parmenidem
<TM-489>	Filippetto De Marinis
<TM-490>	Daniele Mastai
<TM-491>	De immenso et innumerabilibus
<TM-492>	Paolo Cherubino
<TM-493>	Massimo Gardone
<TM-494>	Collezione Teopisto Strolin
<TM-495>	Maria Pia Marchese
<TM-496>	Arturo Collodel
<TM-497>	Archivio Savardo
<TM-498>	Collectiones medicamentorum
<TM-499>	Marco Introini
<TM-500>	Automation Materialien zur Beurteilung der ökonomischen und sozialen Folgen
<TM-501>	Facoltà di diritto canonico San Pio X
<TM-502>	Caterina Vassalini
<TM-503>	Descriptio orbis Romani
<TM-504>	Piero Rossano
<TM-505>	Mark E. Kleckner
<TM-506>	Demetrio Naranzi
<TM-507>	Michele Bettega
<TM-508>	Centro educativo italo-svizzero
<TM-509>	Indiani osage
<TM-510>	Luigi Pasquini
<TM-511>	Adriana Capocci Belmonte
<TM-512>	Silvia Bazzocchi
<TM-513>	Thierry Roze
<TM-514>	Indiani yanoama
<TM-515>	Eugenio Volpicelli
<TM-516>	Palazzo Sermonti <Imola>
<TM-517>	Ordrupgaardsamlingen
<TM-518>	Emilia Belzoppi
<TM-519>	Ente Olivieri
<TM-520>	Biennale disegno Rimini
<TM-521>	Società di studi romagnoli
<TM-522>	Francesco Sottosanti
<TM-523>	Sala dei Mosaici
<TM-524>	Guiccioli <famiglia>
<TM-525>	Italo-americani
<TM-526>	Anita Sangiorgi
<TM-527>	Willie Maxwell <sacerdote>
<TM-528>	Collezione saussuriana
<TM-529>	Exercicios espirituales para vencer a sì mismo
<TM-530>	Eschimesi
<TM-531>	Tribunale per i minorenni di Reggio Calabria
<TM-532>	Fondazione Betania onlus
<TM-533>	Maria di Capodacqua
<TM-534>	Gerolamo Rizzo
<TM-535>	Gregotti e associati <studio di architettura>
<TM-536>	Palazzo Franciosoni <Vetralla>
<TM-537>	Associazione nazionale combattenti <Viterbo>
<TM-538>	Dipartimento di studi linguistico-letterari storico filosofici e giuridici
<TM-539>	Abbazia di San Domenico Abate
<TM-540>	Viaggiatori stanieri
<TM-541>	Pierre Riviére
<TM-542>	Collegamento lesbiche italiane
<TM-543>	Mauro Morandi
<TM-544>	Casa di reclusione Livorno Gorgona
<TM-545>	Leggi o incidentale di costituzionalità
<TM-546>	Sergio Magrini
<TM-547>	Centro diurno Arya
<TM-548>	Alvarez De Castro <famiglia>
<TM-549>	Fabrizio Ravaglioli
<TM-550>	De Balliro <famiglia>
<TM-551>	Carlo Storni
<TM-552>	Studio Metaimago
<TM-553>	Fondo M-9
<TM-554>	Rosselli <famiglia>
<TM-555>	Gian Enzo Sperone
<TM-556>	Archivio Luigi Pirandello
<TM-557>	Francesco Rose
<TM-558>	Lorenzo Fortunati
<TM-559>	Archivio Storico Giancarlo Spizzichino
<TM-560>	Caetani <famiglia>
<TM-561>	Fondo Nove Ufficiali dell'ordinanza e milizia fiorentina
<TM-562>	Andrea Jemolo
<TM-563>	Associazione arte e spiritualità
<TM-564>	Centro studi Paolo VI sull’arte moderna e contemporanea
<TM-565>	Nicola Toce
<TM-566>	Suchard <azienda>
<TM-567>	Paolo Maria Bonaparte
<TM-568>	Parco archeologico dell'Appia Antica <Roma>
<TM-569>	Maria Sofia Corciulo
<TM-570>	Marianna Prampolini
<TM-571>	Disegno nuovo di Roma moderna
<TM-572>	Alberto Terenzio
<TM-573>	Confraternita di Sant'Anna <Roma>
<TM-574>	Casa Museo dell'Antiquariato Ivan Bruschi
<TM-575>	Petrarca Haus <Colonia>
<TM-576>	Invito a pranzo
<TM-577>	Parrocchia di San Pietro in Gersolè
<TM-578>	Storia ecclesiastica della città e Diocesi di Grosseto scritta da Francesco Anichini sanese
<TM-579>	Centro romantico
<TM-580>	Nicoletta Gemignani
<TM-581>	Massimo Tosi
<TM-582>	Marco Sterpos
<TM-583>	Rampe del Poggi <Firenze>
<TM-584>	Cinema Universale
<TM-585>	Antonio Zanfarino
<TM-586>	Fausto Pagliari
<TM-587>	Fondazione Ezio Franceschini
<TM-588>	Mannelli <famiglia>
<TM-589>	Historiae. L.
<TM-590>	Associazione nazionale docenti universitari
<TM-591>	Sala del Risorgimento
<TM-592>	Walter Sardonini
<TM-593>	Gherardo Micheli
<TM-594>	Entwurff einer historischen Architectur
<TM-595>	Dipartimento di architettura e design
<TM-596>	Scuola di specializzazione in beni architettonici e del paesaggio
<TM-597>	Avvertimenti della lingua sopra 'l Decamerone
<TM-598>	Bluenext <s.r.l.>
<TM-599>	Gerolamo Calca
<TM-600>	Eleonora Levi
<TM-601>	Giorgio Tedeschi
<TM-602>	Viesi <ditta>
<TM-603>	Alessandro Ceva
<TM-604>	Salvatore Astore
<TM-605>	Carlo Virando
<TM-606>	Confraternita di Santa Marta <Arona>
<TM-607>	Abbadia di Loreto <Lanzo Torinese>
<TM-608>	Paolo Taverna
<TM-609>	Fiemme Tremila <Predazzo>
<TM-610>	Domenico Pacotti
<TM-611>	Redazioni di testi
<TM-612>	Louis Des Ambrois de Nevache
<TM-613>	Petrolifera italo-rumena
<TM-614>	Giovanni Battista Trona
<TM-615>	Felice Carbonera
<TM-616>	Associazione Parole ritrovate trentine
<TM-617>	Vittorio Baldini <tipografia>
<TM-618>	Collezione Malabotta
<TM-619>	Memoire et rapport sur Victor de l'Aveyron
<TM-620>	Sanatorio Triestino
<TM-621>	Giuseppe Grava
<TM-622>	Giulio di Savorgnan
<TM-623>	Scorciatoie e raccontini
<TM-624>	Palmira Cipriano
<TM-625>	Lauro Lach
<TM-626>	Giorgio Florian
<TM-627>	Luisa Cusina
<TM-628>	Casa del Pordenone
<TM-629>	Bruno Bertoldi
<TM-630>	Ferrovia pedemontana
<TM-631>	Bernardo Di Rizzardo
<TM-632>	Marta Fiascaris
<TM-633>	Centro di microscopie
<TM-634>	Gizey
<TM-635>	Caterina Arcuri
<TM-636>	Fendi <s.r.l.>
<TM-637>	Padiglione dell'Esprit nouveau <Expo ; Parigi>
<TM-638>	Azienda pubblica di servizi alla persona <Bologna>
<TM-639>	Summa contra hereticos
<TM-640>	Polo tecnico professionale di Fornovo di Taro
<TM-641>	Fondo D'Arzo
<TM-642>	Tramazzoni di San Giorgio <famiglia>
<TM-643>	Istituto David Chiossone
<TM-644>	R. Accademia filarmonica di Bologna
<TM-645>	Guido Cinti
<TM-646>	Platone Benedetti
<TM-647>	Centro mantovano di solidarietà Arca
<TM-648>	Sala Dantesca
<TM-649>	Fratelli Lega <tipografia>
<TM-650>	Ruggero Poletti
<TM-651>	Danza odissī
<TM-652>	Alessandro Skuk
<TM-653>	Interpretationes Vergilianae
<TM-654>	Giovanni Valbonesi
<TM-655>	Ispettorato provinciale dell'agricoltura <Savona>
<TM-656>	Kafr Kela al-Bab
<TM-657>	Fondazione Senza frontiere
<TM-658>	Servirola <San Polo d'Enza>
<TM-659>	Il carceriere di sé medesimo
<TM-660>	Gian Carlo Negretti
<TM-661>	Osservatorio per l'educazione stradale e la sicurezza
<TM-662>	Cinesi
<TM-663>	Clementina Violetta
<TM-664>	Dal Pero Bertini <famiglia>
<TM-665>	Dal Pero <famiglia>
<TM-666>	Gigliola Curiel
<TM-667>	Rocca di Monte Lucio
<TM-668>	Santuario La Cuma <Monte Rinaldo>
<TM-669>	Appennino parmense
<TM-670>	Ex Macello <Milano>
<TM-671>	Geotrans <s.r.l.>
<TM-672>	Sindacato fascista avvocati e procuratori <Bologna>
<TM-673>	Giovanni Tamburi
<TM-674>	Oreste Cagnasso
<TM-675>	Armando Dillon
<TM-676>	Collezione Alströmer
<TM-677>	Ambrogio da Massa
<TM-678>	Valle Meduna
<TM-679>	Gaiche <Piegaro>
<TM-680>	Istituto di storia politica e sociale Venanzio Gabriotti
<TM-681>	Augusto Lemmi
<TM-682>	Villa dei mosaici <Spello>
<TM-683>	Carlo Damiano
<TM-684>	Elio Messuri
<TM-685>	Grotta dei Cocci <Narni>
<TM-686>	Confraternita del santissimo Sacramento <Antria ; Magione>
<TM-687>	Cella del Corpo Santo
<TM-688>	Il San Giovinale
<TM-689>	Paolo Saracino
<TM-690>	Fondo Cesare Grassetti
<TM-691>	Augusto Roncetti
<TM-692>	Gina Sigismondi
<TM-693>	Exame das tradições phariseas conferidas com á lei escrita
<TM-694>	Museo della Scuola Paolo e Ornella Ricca
<TM-695>	Barbara Pojaghi
<TM-696>	Crestomazia della poesia italiana
<TM-697>	Gianluca Quaglia
<TM-698>	Teatro dell'Accademia dei Nobili Pascolini
<TM-699>	Visione di sant' Andrea Corsini
<TM-700>	Il sangue amaro
<TM-701>	Francesco Denozza
<TM-702>	Maria Cervi
<TM-703>	Antonio Dell'Atti
<TM-704>	Tractatus de tyrannia
<TM-705>	Camera penale Vittorio Chiusano del Piemonte occidentale e della Valle d'Aosta
<TM-706>	Minoranze linguisticheni
<TM-707>	Colocci Vespucci <famiglia>
<TM-708>	Muṣṭafá Mušarrafah
<TM-709>	Convento di Santa Anastasia <Verona>
<TM-710>	Abigaille Zanetta
<TM-711>	Fronte liberale democratico dell'uomo qualunque
<TM-712>	Agenzia letteraria italiana
<TM-713>	Melchiorre Sessa <tipografia>
<TM-714>	Manlio Cortellazzo
<TM-715>	Collezione Lauricella
<TM-716>	Quadriregio
<TM-717>	Regia scuola superiore di medicina veterinaria di Milano
<TM-718>	Oliverio De Salarolis
<TM-719>	Dipartimento di Scienze della Terra
<TM-720>	Centro di studi metodologici
<TM-721>	Aldo Erroi
<TM-722>	Fanteria Reggimento Brigata Genova
<TM-723>	Battista Farfengo <tipografia>
<TM-724>	Oratorio maschile di San Francesco di Sales
<TM-725>	Historia Karolis Magni et Rotholandi
<TM-726>	Storia notturna
<TM-727>	Deroche & Heyland <studio fotografico>
<TM-728>	Theodore Montorient Vernier
<TM-729>	Tom L. Beauchamp
<TM-730>	Compagnia della fortezza <compagnia teatrale>
<TM-731>	Alleanza femminile italiana
<TM-732>	Fondo Francesco Ciceri
<TM-733>	Sala delle Fatiche di Ercole
<TM-734>	Maria Giuseppina Grasso Cannizzo
<TM-735>	Silvano Rossini
<TM-736>	Gosudarstvennyj Ėrmitaž
<TM-737>	Quartiere di Santa Restituta <Lacco Ameno>
<TM-738>	Padiglione brasiliano <Expo ; Osaka ; 1970>
<TM-739>	Centre international de recherche sur le verre et les arts plastiques
<TM-740>	Palazzo Citterio <Milano>
<TM-741>	Palazzina Bornigia
<TM-742>	Palazzina Furmanik
<TM-743>	Palazzina Colombo
<TM-744>	Collezione Certani
<TM-745>	Collezione Cerasi
<TM-746>	Palazzo Merulana <Roma>
<TM-747>	Collezione Giuseppe Zauli
<TM-748>	Corrado Balest
<TM-749>	Dipartimento di architettura costruzione conservazione
<TM-750>	Consiglio nazionale delle ricerche <Napoli>
<TM-751>	Zina Hohenlohe Waldenburg
<TM-752>	Mariateresa Sartori
<TM-753>	Giardini del tè <Dazhangshan>
<TM-754>	Alfredo Vivian
<TM-755>	Dinamismo di un corpo umano
<TM-756>	Fondo Rizzitano
<TM-757>	Giovanni da Casamari
<TM-758>	Carlo Tonolo fu Matteo <s.r.l.>
<TM-759>	Nane oca
<TM-760>	Italienisches Capriccio <film>
<TM-761>	Procedimenti disciplinari
<TM-762>	Istituto tecnico commerciale statale Lorgna Pindemonte
<TM-763>	Fanteria Mantova
<TM-764>	Vino Friularo di Bagnoli
<TM-765>	Scuola serale del Gruppo lavoratori-studenti <Bassano del Grappa>
<TM-766>	Francesco Caldart
<TM-767>	Dominazione di Venezia <Repubblica>
<TM-768>	Giuseppe Tombola
<TM-769>	Antonio da Borgonuovo
<TM-770>	Gio Batta Sina
<TM-771>	Riccardo Frassetto
<TM-702>	Filanda Mario Colombo <Badoere ; Morgano>